date,amount
2024-07-15,3124.46
2024-07-16,4111.43
2024-07-17,4753.82
2024-07-18,5869.65
2024-07-19,5301.89
2024-07-20,7944.01
2024-07-21,4283.84
2024-07-22,4108.15
2024-07-23,3909.48
2024-07-24,5514.74
2024-07-25,4834.82
2024-07-26,6033.43
2024-07-27,6506.78
2024-07-28,3453.59
2024-07-29,3818.1
2024-07-30,3234.74
2024-07-31,4354.29
2024-08-01,6095.01
2024-08-02,6891.04
2024-08-03,5178.85
2024-08-04,3630.77
2024-08-05,3844.92
2024-08-06,4855.13
2024-08-07,6407.26
2024-08-08,5170.96
2024-08-09,6063.79
2024-08-10,7032.56
2024-08-11,3514.37
2024-08-12,4447.78
2024-08-13,4239.57
2024-08-14,5891.64
2024-08-15,4729.49
2024-08-16,6015.59
2024-08-17,5473.55
2024-08-18,3619.13
2024-08-19,3685.85
2024-08-20,4351.04
2024-08-21,5000.81
2024-08-22,5121.93
2024-08-23,5763.24
2024-08-24,6900.79
2024-08-25,3525.08
2024-08-26,4782.14
2024-08-27,4354.12
2024-08-28,3891.41
2024-08-29,5365.31
2024-08-30,5013.65
2024-08-31,7174.84
2024-09-01,2957.34
2024-09-02,4539.9
2024-09-03,5109.64
2024-09-04,5434.34
2024-09-05,6213.24
2024-09-06,7209.39
2024-09-07,6823.65
2024-09-08,3302.67
2024-09-09,2989.02
2024-09-10,3658.37
2024-09-11,3828.79
2024-09-12,5837.04
2024-09-13,6737.57
2024-09-14,6129.11
2024-09-15,3435.53
2024-09-16,2849.26
2024-09-17,5657.79
2024-09-18,4666.26
2024-09-19,5329.84
2024-09-20,6056.86
2024-09-21,6326.53
2024-09-22,3053.01
2024-09-23,4214.81
2024-09-24,4221.97
2024-09-25,4220.95
2024-09-26,4882.18
2024-09-27,6522.58
2024-09-28,6212.44
2024-09-29,4050.4
2024-09-30,5343.46
2024-10-01,5821.91
2024-10-02,4831.59
2024-10-03,6245.42
2024-10-04,6013.17
2024-10-05,6439.12
2024-10-06,3468.24
2024-10-07,3651.24
2024-10-08,5373.11
2024-10-09,5664.24
2024-10-10,5167.7
2024-10-11,5611.19
2024-10-12,6625.1
2024-10-13,2686.17
2024-10-14,4387.66
2024-10-15,3915.83
2024-10-16,5092.78
2024-10-17,4669.25
2024-10-18,6405.68
2024-10-19,6769.46
2024-10-20,6163.5
2024-10-21,4788.0
2024-10-22,6079.71
2024-10-23,5998.79
2024-10-24,4808.21
2024-10-25,5907.04
2024-10-26,7716.08
2024-10-27,5114.6
2024-10-28,5334.2
2024-10-29,6191.55
2024-10-30,9042.46
2024-10-31,8916.48
2024-11-01,9261.44
2024-11-02,9891.5
2024-11-03,2945.44
2024-11-04,4684.63
2024-11-05,4478.39
2024-11-06,6184.8
2024-11-07,6262.14
2024-11-08,5057.4
2024-11-09,6404.84
2024-11-10,3661.69
2024-11-11,3016.58
2024-11-12,4169.28
2024-11-13,4893.29
2024-11-14,4601.79
2024-11-15,5538.17
2024-11-16,5809.3
2024-11-17,3432.94
2024-11-18,3345.17
2024-11-19,4186.8
2024-11-20,4223.12
2024-11-21,4826.82
2024-11-22,4615.25
2024-11-23,7371.75
2024-11-24,3170.27
2024-11-25,3983.68
2024-11-26,4631.41
2024-11-27,5425.8
2024-11-28,7840.75
2024-11-29,4654.37
2024-11-30,5969.63
2024-12-01,3185.73
2024-12-02,4005.1
2024-12-03,4370.9
2024-12-04,5942.92
2024-12-05,4277.79
2024-12-06,4893.76
2024-12-07,7207.67
2024-12-08,4375.85
2024-12-09,4131.63
2024-12-10,3486.55
2024-12-11,3933.69
2024-12-12,5917.36
2024-12-13,6455.32
2024-12-14,4315.92
2024-12-15,3601.42
2024-12-16,4299.26
2024-12-17,3753.06
2024-12-18,5679.09
2024-12-19,4794.23
2024-12-20,5284.33
2024-12-21,5252.09
2024-12-22,4056.91
2024-12-23,4806.83
2024-12-24,4132.48
2024-12-25,4650.69
2024-12-26,4359.87
2024-12-27,6649.08
2024-12-28,4511.23
2024-12-29,4099.75
2024-12-30,3612.75
2024-12-31,3701.27
2025-01-01,7338.04
2025-01-02,3717.45
2025-01-03,6544.38
2025-01-04,7127.91
2025-01-05,2770.12
2025-01-06,4523.63
2025-01-07,3426.92
2025-01-08,4141.8
2025-01-09,4627.67
2025-01-10,6085.84
2025-01-11,5818.88
2025-01-12,3309.72
2025-01-13,4235.97
2025-01-14,4790.43
2025-01-15,4091.01
2025-01-16,5262.51
2025-01-17,4584.59
2025-01-18,6575.9
2025-01-19,5177.23
2025-01-20,4236.84
2025-01-21,4775.41
2025-01-22,5054.33
2025-01-23,5149.14
2025-01-24,5466.43
2025-01-25,5270.06
2025-01-26,3524.66
2025-01-27,3348.22
2025-01-28,4057.37
2025-01-29,5609.56
2025-01-30,5888.44
2025-01-31,6412.68
2025-02-01,7029.16
2025-02-02,4675.31
2025-02-03,4199.91
2025-02-04,4115.3
2025-02-05,5718.86
2025-02-06,5159.44
2025-02-07,4596.75
2025-02-08,6954.8
2025-02-09,2666.89
2025-02-10,6162.71
2025-02-11,3427.79
2025-02-12,5908.41
2025-02-13,4667.23
2025-02-14,6229.73
2025-02-15,6239.07
2025-02-16,3058.53
2025-02-17,5006.34
2025-02-18,4702.77
2025-02-19,3927.28
2025-02-20,5333.09
2025-02-21,4893.51
2025-02-22,6559.92
2025-02-23,4266.76
2025-02-24,3610.96
2025-02-25,5504.24
2025-02-26,4615.3
2025-02-27,6758.82
2025-02-28,5044.25
2025-03-01,5230.61
2025-03-02,4661.22
2025-03-03,4989.11
2025-03-04,3996.61
2025-03-05,5549.94
2025-03-06,5686.11
2025-03-07,7404.47
2025-03-08,8677.25
2025-03-09,4043.37
2025-03-10,2999.85
2025-03-11,4082.75
2025-03-12,5982.18
2025-03-13,5209.26
2025-03-14,6987.59
2025-03-15,4902.38
2025-03-16,4582.6
2025-03-17,2873.35
2025-03-18,5466.23
2025-03-19,3660.9
2025-03-20,5921.21
2025-03-21,7825.27
2025-03-22,6554.29
2025-03-23,3781.01
2025-03-24,3749.69
2025-03-25,4516.09
2025-03-26,3832.63
2025-03-27,5690.7
2025-03-28,5676.8
2025-03-29,7198.46
2025-03-30,3425.1
2025-03-31,4833.49
2025-04-01,4925.09
2025-04-02,5633.4
2025-04-03,4859.53
2025-04-04,5183.35
2025-04-05,4277.3
2025-04-06,2812.66
2025-04-07,3103.07
2025-04-08,4977.45
2025-04-09,4695.98
2025-04-10,3765.91
2025-04-11,5164.52
2025-04-12,5306.65
2025-04-13,4172.05
2025-04-14,4084.74
2025-04-15,4869.93
2025-04-16,4174.36
2025-04-17,6763.59
2025-04-18,6303.8
2025-04-19,6358.05
2025-04-20,3983.36
2025-04-21,4860.06
2025-04-22,3732.14
2025-04-23,3727.38
2025-04-24,4100.5
2025-04-25,7251.76
2025-04-26,5105.73
2025-04-27,3844.03
2025-04-28,4551.05
2025-04-29,3430.41
2025-04-30,7297.33
2025-05-01,5810.13
2025-05-02,4318.17
2025-05-03,6050.8
2025-05-04,3917.13
2025-05-05,5380.07
2025-05-06,4961.49
2025-05-07,5289.66
2025-05-08,4524.08
2025-05-09,7554.93
2025-05-10,5743.3
2025-05-11,3665.32
2025-05-12,4543.16
2025-05-13,4190.31
2025-05-14,6081.4
2025-05-15,5883.97
2025-05-16,5269.93
2025-05-17,5357.44
2025-05-18,2973.35
2025-05-19,4083.17
2025-05-20,4771.0
2025-05-21,4698.36
2025-05-22,4361.94
2025-05-23,5806.86
2025-05-24,4736.13
2025-05-25,3313.83
2025-05-26,5071.59
2025-05-27,3830.16
2025-05-28,6352.13
2025-05-29,5152.58
2025-05-30,5437.39
2025-05-31,6683.36
2025-06-01,3347.78
2025-06-02,4657.77
2025-06-03,4729.35
2025-06-04,6085.55
2025-06-05,6708.65
2025-06-06,4939.06
2025-06-07,8175.48
2025-06-08,2861.63
2025-06-09,3529.82
2025-06-10,3123.11
2025-06-11,4651.52
2025-06-12,6647.66
2025-06-13,4171.98
2025-06-14,6305.79
2025-06-15,4816.09
2025-06-16,4235.28
2025-06-17,4069.43
2025-06-18,4818.52
2025-06-19,5167.8
2025-06-20,5075.16
2025-06-21,6339.42
2025-06-22,3679.48
2025-06-23,4841.74
2025-06-24,4978.0
2025-06-25,4963.67
2025-06-26,6467.22
2025-06-27,4863.94
2025-06-28,5828.55
2025-06-29,5793.81
2025-06-30,6463.84
2025-07-01,4068.11
2025-07-02,3639.8
2025-07-03,6144.37
2025-07-04,6628.0
2025-07-05,5521.11
2025-07-06,3293.68
2025-07-07,4948.43
2025-07-08,5499.18
2025-07-09,6114.36
2025-07-10,5734.15
2025-07-11,5503.24
2025-07-12,8288.62
2025-07-13,3746.42
2025-07-14,3893.38
2025-07-15,5839.44
2025-07-16,5278.27
2025-07-17,5474.72
2025-07-18,7501.68
2025-07-19,6449.76
2025-07-20,3806.85
2025-07-21,3304.64
2025-07-22,4093.2
2025-07-23,5171.49
2025-07-24,5027.75
2025-07-25,5039.86
2025-07-26,5358.25
2025-07-27,4692.12
2025-07-28,4081.68
2025-07-29,3553.5
2025-07-30,5568.03
2025-07-31,3911.54
2025-08-01,5291.13
2025-08-02,6899.1
2025-08-03,3927.67
2025-08-04,4226.94
2025-08-05,4045.0
2025-08-06,6383.53
2025-08-07,4426.89
2025-08-08,6479.22
2025-08-09,4412.53
2025-08-10,2924.52
2025-08-11,4007.31
2025-08-12,3058.88
2025-08-13,4796.66
2025-08-14,5602.94
2025-08-15,4829.58
2025-08-16,5834.64
2025-08-17,3739.11
2025-08-18,2748.76
2025-08-19,4778.78
2025-08-20,6327.37
2025-08-21,5381.67
2025-08-22,6836.08
2025-08-23,6516.57
2025-08-24,4830.09
2025-08-25,5068.13
2025-08-26,3486.84
2025-08-27,5042.64
2025-08-28,6059.83
2025-08-29,4561.78
2025-08-30,7844.36
2025-08-31,3818.96
2025-09-01,5350.73
2025-09-02,6099.98
2025-09-03,5685.79
2025-09-04,6378.55
2025-09-05,5347.61
2025-09-06,5475.0
2025-09-07,3416.54
2025-09-08,5015.65
2025-09-09,5829.85
2025-09-10,6205.45
2025-09-11,5354.05
2025-09-12,5345.57
2025-09-13,7319.83
2025-09-14,3468.01
2025-09-15,3875.97
2025-09-16,4270.24
2025-09-17,8080.74
2025-09-18,4546.25
2025-09-19,6079.75
2025-09-20,8485.48
2025-09-21,3091.15
2025-09-22,4752.23
2025-09-23,4700.7
2025-09-24,5071.07
2025-09-25,5232.05
2025-09-26,6060.49
2025-09-27,7425.81
2025-09-28,3671.41
2025-09-29,5393.75
2025-09-30,5971.41
2025-10-01,5540.36
2025-10-02,6458.9
2025-10-03,4795.89
2025-10-04,6325.74
2025-10-05,4083.75
2025-10-06,4667.95
2025-10-07,5403.91
2025-10-08,6933.99
2025-10-09,8737.36
2025-10-10,8260.72
2025-10-11,12327.0
2025-10-12,5713.37
2025-10-13,6109.84
2025-10-14,6036.74
2025-10-15,10025.22
2025-10-16,10861.82
2025-10-17,9339.69
2025-10-18,10958.9
2025-10-19,6764.54
2025-10-20,9217.47
2025-10-21,8668.37
2025-10-22,6312.36
2025-10-23,4728.35
2025-10-24,6512.94
2025-10-25,6157.7
2025-10-26,5242.18
2025-10-27,5783.95
2025-10-28,4367.01
2025-10-29,5042.97
2025-10-30,5365.23
2025-10-31,6446.26
2025-11-01,7615.15
2025-11-02,3597.42
2025-11-03,4051.26
2025-11-04,4233.11
2025-11-05,3802.11
2025-11-06,5024.08
2025-11-07,4672.49
2025-11-08,5501.8
2025-11-09,3709.69
2025-11-10,3659.6
2025-11-11,4599.65
2025-11-12,5210.37
2025-11-13,6275.87
2025-11-14,6970.32
2025-11-15,6374.95
2025-11-16,3815.54
2025-11-17,4229.33
2025-11-18,3858.9
2025-11-19,4900.37
2025-11-20,5090.12
2025-11-21,5171.47
2025-11-22,6528.63
2025-11-23,4603.54
2025-11-24,3681.8
2025-11-25,4926.04
2025-11-26,6541.37
2025-11-27,5408.55
2025-11-28,8493.69
2025-11-29,7494.01
2025-11-30,4136.59
2025-12-01,4175.13
2025-12-02,5193.78
2025-12-03,5813.43
2025-12-04,5158.01
2025-12-05,6073.53
2025-12-06,8256.51
2025-12-07,4887.37
2025-12-08,4239.38
2025-12-09,3796.83
2025-12-10,4647.01
2025-12-11,6095.66
2025-12-12,5397.45
2025-12-13,6044.73
2025-12-14,3593.21
2025-12-15,3428.25
2025-12-16,4989.54
2025-12-17,5559.97
2025-12-18,5817.38
2025-12-19,5526.28
2025-12-20,5827.07
2025-12-21,3186.55
2025-12-22,3851.28
2025-12-23,5083.3
2025-12-24,5995.05
2025-12-25,5409.37
2025-12-26,7041.22
2025-12-27,6949.19
2025-12-28,3187.95
2025-12-29,3234.68
2025-12-30,4369.85
2025-12-31,7369.53
2026-01-01,4784.79
2026-01-02,8921.69
2026-01-03,9703.45
2026-01-04,5198.06
2026-01-05,4031.03
2026-01-06,4995.69
2026-01-07,4630.27
2026-01-08,5932.12
2026-01-09,7248.81
2026-01-10,7958.15
2026-01-11,4926.54
2026-01-12,4668.25
2026-01-13,5939.2
2026-01-14,5381.32
2026-01-15,7011.8
2026-01-16,7072.01
2026-01-17,5894.65
2026-01-18,3928.84
2026-01-19,4220.46
2026-01-20,4705.06
2026-01-21,6696.49
2026-01-22,7432.87
2026-01-23,7232.99
2026-01-24,5645.09
2026-01-25,4156.12
2026-01-26,4228.61
2026-01-27,6147.93
2026-01-28,5817.73
2026-01-29,6258.39
2026-01-30,5927.51
2026-01-31,5469.52
2026-02-01,4007.27
2026-02-02,6728.53
2026-02-03,4464.64
2026-02-04,5285.2
2026-02-05,6104.7
2026-02-06,5624.29
2026-02-07,8255.81
2026-02-08,3852.52
2026-02-09,5993.47
2026-02-10,4376.17
2026-02-11,5804.29
2026-02-12,5366.56
2026-02-13,7216.03
2026-02-14,7033.07
2026-02-15,3493.92
2026-02-16,3760.13
2026-02-17,4695.16
2026-02-18,4360.12
2026-02-19,6732.82
2026-02-20,7275.81
2026-02-21,9026.58
2026-02-22,3764.32
2026-02-23,6675.61
2026-02-24,5262.29
2026-02-25,4906.31
2026-02-26,7711.92
2026-02-27,6040.41
2026-02-28,7620.8
2026-03-01,3593.06
2026-03-02,5299.37
2026-03-03,4967.76
2026-03-04,4850.4
2026-03-05,6296.42
2026-03-06,5894.48
2026-03-07,6871.65
2026-03-08,3708.37
2026-03-09,5853.26
2026-03-10,5110.15
2026-03-11,5872.46
2026-03-12,5721.25
2026-03-13,4891.13
2026-03-14,6793.94
2026-03-15,5426.63
2026-03-16,3589.34
2026-03-17,6563.38
2026-03-18,6047.8
2026-03-19,5024.77
2026-03-20,6111.5
2026-03-21,8417.87
2026-03-22,3615.45
2026-03-23,4529.94
2026-03-24,5099.87
2026-03-25,5047.75
2026-03-26,4300.43
2026-03-27,5455.47
2026-03-28,5344.67
2026-03-29,2883.39
2026-03-30,6583.29
2026-03-31,4559.67
2026-04-01,5192.58
2026-04-02,4481.79
2026-04-03,4838.64
2026-04-04,7359.4
2026-04-05,4164.3
2026-04-06,5370.15
2026-04-07,4744.93
2026-04-08,4178.42
2026-04-09,6202.9
2026-04-10,4682.67
2026-04-11,7113.35
2026-04-12,4583.12
2026-04-13,6091.67
2026-04-14,5493.98
2026-04-15,4860.52
2026-04-16,5008.24
2026-04-17,5974.04
2026-04-18,7632.5
2026-04-19,2727.09
2026-04-20,4894.08
2026-04-21,5453.15
2026-04-22,5945.24
2026-04-23,5552.15
2026-04-24,5782.57
2026-04-25,6680.17
2026-04-26,5716.41
2026-04-27,4893.78
2026-04-28,4097.61
2026-04-29,5534.76
2026-04-30,5655.37
2026-05-01,6726.28
2026-05-02,5425.78
2026-05-03,4281.75
2026-05-04,5205.84
2026-05-05,4916.42
2026-05-06,5751.25
2026-05-07,7029.22
2026-05-08,8425.45
2026-05-09,5898.26
2026-05-10,3468.99
2026-05-11,3781.56
2026-05-12,4591.83
2026-05-13,5507.08
2026-05-14,6679.33
2026-05-15,7043.55
2026-05-16,8406.74
2026-05-17,3870.54
2026-05-18,4708.32
2026-05-19,4389.42
2026-05-20,5948.35
2026-05-21,4739.65
2026-05-22,6035.84
2026-05-23,6178.51
2026-05-24,3983.84
2026-05-25,5425.39
2026-05-26,4995.75
2026-05-27,5037.62
2026-05-28,6444.84
2026-05-29,6981.95
2026-05-30,7109.43
2026-05-31,5041.76
2026-06-01,4967.04
2026-06-02,4173.15
2026-06-03,6217.65
2026-06-04,7728.37
2026-06-05,6097.78
2026-06-06,7743.13
2026-06-07,4558.55
2026-06-08,4757.69
2026-06-09,3944.87
2026-06-10,5083.84
2026-06-11,5750.59
2026-06-12,5847.95
2026-06-13,7054.42
2026-06-14,4762.62
2026-06-15,5509.95
2026-06-16,4724.29
2026-06-17,5753.5
2026-06-18,6461.94
2026-06-19,5082.36
2026-06-20,8343.34
2026-06-21,4542.49
2026-06-22,4728.8
2026-06-23,4223.43
2026-06-24,4574.13
2026-06-25,5056.8
2026-06-26,5197.67
2026-06-27,6361.45
2026-06-28,3875.37
2026-06-29,4200.43
2026-06-30,6502.68
2026-07-01,5670.34
2026-07-02,5092.38
2026-07-03,5614.6
2026-07-04,7205.52
2026-07-05,4830.02
2026-07-06,4576.88
2026-07-07,3968.07
2026-07-08,6725.56
2026-07-09,5445.69
2026-07-10,6345.57
2026-07-11,10351.82
2026-07-12,4469.91
2026-07-13,4922.1
2026-07-14,4574.29
2026-07-15,5513.9
2026-07-16,6605.12
2026-07-17,6108.92
2026-07-18,5150.09
2026-07-19,2657.06
2026-07-20,4548.96
2026-07-21,5843.76
2026-07-22,5061.6
2026-07-23,6498.42
2026-07-24,8063.78
2026-07-25,6090.37
2026-07-26,4483.44
2026-07-27,5082.23
2026-07-28,5063.0
2026-07-29,4380.71
2026-07-30,5823.35
2026-07-31,6572.28
2026-08-01,7784.84
2026-08-02,4118.7
2026-08-03,5548.67
2026-08-04,5726.94
2026-08-05,6292.96
2026-08-06,6834.27
2026-08-07,7275.9
2026-08-08,7841.46
2026-08-09,3963.75
2026-08-10,4827.87
2026-08-11,5377.09
2026-08-12,6282.93
2026-08-13,4732.7
2026-08-14,6998.79
2026-08-15,10795.69
2026-08-16,3199.3
2026-08-17,3193.21
2026-08-18,4690.38
2026-08-19,5659.55
2026-08-20,5770.14
2026-08-21,5706.72
2026-08-22,7827.45
2026-08-23,4024.67
2026-08-24,6989.21
2026-08-25,5094.49
2026-08-26,6444.32
2026-08-27,6460.61
2026-08-28,5992.95
2026-08-29,8799.87
2026-08-30,4413.02
2026-08-31,4239.85
2026-09-01,5685.96
2026-09-02,5363.31
2026-09-03,6427.64
2026-09-04,6805.37
2026-09-05,7859.81
2026-09-06,4746.0
2026-09-07,3990.37
2026-09-08,5271.78
2026-09-09,6254.3
2026-09-10,5451.57
2026-09-11,7553.14
2026-09-12,8891.61
2026-09-13,3617.64
2026-09-14,3184.34
2026-09-15,4498.7
2026-09-16,5245.98
2026-09-17,6053.0
2026-09-18,7355.32
2026-09-19,9951.41
2026-09-20,3988.74
2026-09-21,4875.32
2026-09-22,5302.98
